CE_OI,CE_CHNG_IN_OI,CE_VOLUME,CE_IV,CE_LTP,CE_CHNG,CE_BID_QTY,CE_BID,CE_ASK,CE_ASK_QTY,STRIKE,PE_BID_QTY,PE_BID,PE_ASK,PE_ASK_QTY,PE_CHNG,PE_LTP,PE_IV,PE_VOLUME,PE_CHNG_IN_OI,PE_OI,Calculated_CE_IV,Calculated_PE_IV,Calculated_CE_IV_%,Calculated_PE_IV_%
,,,,,,1690,2085.75,2660.95,1690,20800.0,130,13.7,15.0,325.0,-7.3,14.2,20.4,823.0,390.0,390.0,,0.21194111294298584,,21.194111294298583
,,,,,,1690,2041.15,2613.75,1690,20850.0,1755,8.1,19.5,65.0,,,,,,,,,,
,,,,,,1690,1994.45,2566.35,1690,20900.0,130,12.1,24.95,130.0,,,,,,,,,,
,,,,,,1690,1951.95,2494.3,1690,20950.0,1755,8.1,,,,,,,,,,,,
465.0,465.0,558.0,,2238.1,-1091.55,1690,1899.35,2261.6,130,21000.0,650,15.6,16.5,1235.0,-0.5,15.9,19.34,10641.0,3220.0,3408.0,,0.2011581609703725,,20.11581609703725
,,,,,,1690,1856.85,2399.0,1690,21050.0,1755,8.1,,,,,,,,,,,,
,,,,,,1690,1813.85,2350.05,1690,21100.0,1755,16.15,19.95,195.0,-15.45,17.85,19.01,716.0,368.0,368.0,,0.19775646748777095,,19.775646748777095
,,,,,,1690,1762.35,2301.9,1690,21150.0,910,15.2,20.15,195.0,-14.95,20.8,19.18,53.0,41.0,41.0,,0.1995386049423954,,19.95386049423954
,,,,,,1690,1719.55,2246.5,1690,21200.0,1755,15.65,25.2,390.0,-18.95,19.35,18.54,781.0,379.0,379.0,,0.19305257448067475,,19.305257448067476
,,,,,,1690,1671.55,2197.75,1690,21250.0,1755,18.1,26.05,325.0,-20.75,20.25,18.33,71.0,41.0,41.0,,0.19085734959440454,,19.085734959440455
,,,,,,1690,1558.45,2146.6,1690,21300.0,1755,19.1,,,-23.95,19.9,17.89,872.0,358.0,358.0,,0.1863965172686501,,18.63965172686501
,,,,,,65,1842.7,2150.5,1690,21350.0,910,18.2,28.4,390.0,-3.4,22.75,17.98,4628.0,1467.0,5481.0,,0.1873455584060845,,18.73455584060845
2.0,,,14.73,1832.75,,65,1793.4,1942.35,1690,21400.0,1755,20.1,22.0,65.0,-6.1,21.5,17.4,1894.0,366.0,2220.0,,0.18140932758242523,,18.140932758242524
,,,,,,1690,1532.8,2044.55,1690,21450.0,1755,21.65,28.95,910.0,-4.65,24.6,17.49,126.0,2.0,108.0,,0.18236004878805817,,18.23600487880582
1503.0,485.0,610.0,,1755.0,59.15,65,1760.0,1768.85,65,21500.0,130,23.8,25.0,2080.0,-7.65,23.0,16.87,14531.0,4259.0,17082.0,,0.17598386464416468,,17.598386464416468
,,,,,,65,1651.95,1797.75,1690,21550.0,1755,24.1,33.0,650.0,-6.5,25.05,16.77,121.0,24.0,56.0,,0.17508157129534635,,17.508157129534634
9.0,2.0,2.0,,1707.4,,65,1589.4,1746.05,1690,21600.0,1755,25.1,35.55,65.0,-6.6,28.55,16.85,2058.0,484.0,1535.0,,0.175895814553801,,17.5895814553801
,,,,,,715,1338.45,1787.95,1690,21650.0,1755,26.15,39.85,1690.0,-5.2,32.9,16.98,310.0,-14.0,373.0,,0.17729100406842632,,17.729100406842633
2.0,,1.0,,1560.0,10.0,65,1506.0,1650.75,65,21700.0,130,30.0,34.75,65.0,-8.05,32.6,16.53,6043.0,824.0,3978.0,,0.17277149501988442,,17.277149501988443
,,,,,,65,1458.25,1637.7,1690,21750.0,910,28.95,46.9,1690.0,-9.05,33.85,16.27,278.0,-4.0,1125.0,,0.17006690563320634,,17.006690563320635
43.0,,,,1600.0,,455,1378.5,1554.35,1690,21800.0,65,35.5,39.85,325.0,-10.15,35.85,16.07,6703.0,1901.0,5676.0,0.14894018668371314,0.1681119809474632,14.894018668371315,16.81119809474632
,,,,,,65,1365.45,1621.4,1690,21850.0,1560,33.6,44.65,910.0,-8.85,39.3,16.01,246.0,107.0,447.0,,0.16753228868892872,,16.753228868892872
3.0,1.0,1.0,,1380.0,100.0,715,1126.05,1457.2,65,21900.0,65,40.0,42.55,65.0,-11.25,41.7,15.82,5740.0,1744.0,4122.0,,0.16563273368804407,,16.563273368804406
,,,,,,715,1088.35,1518.55,650,21950.0,910,35.05,43.0,1560.0,-13.9,43.0,15.51,219.0,59.0,253.0,,0.162523239691689,,16.2523239691689
8436.0,2852.0,4136.0,,1286.45,54.45,130,1285.5,1301.45,130,22000.0,1625,46.0,47.45,260.0,-14.75,46.0,15.35,42735.0,8160.0,38132.0,,0.1609109468961415,,16.09109468961415
,,,,,,65,1182.15,1414.7,1690,22050.0,65,46.15,52.05,65.0,-14.75,49.45,15.21,336.0,19.0,242.0,,0.15949914380368174,,15.949914380368174
25.0,5.0,8.0,,1212.45,52.45,195,1191.5,1215.2,195,22100.0,65,48.45,52.45,65.0,-18.35,50.95,14.88,7682.0,2106.0,3546.0,,0.1562370324257786,,15.62370324257786
74.0,,,10.25,1095.0,,195,1093.35,1303.5,195,22150.0,260,52.95,58.15,65.0,-16.85,56.7,14.88,505.0,-56.0,420.0,,0.1563210960014201,,15.63210960014201
46.0,-1.0,13.0,,1115.15,81.45,65,1099.7,1119.75,130,22200.0,975,58.5,60.1,65.0,-19.75,59.15,14.61,11329.0,-645.0,5957.0,,0.1535288217025571,,15.352882170255711
217.0,,,18.63,1132.0,,195,1053.8,1071.35,195,22250.0,65,60.25,69.2,65.0,-21.05,65.2,14.57,1257.0,34.0,7688.0,0.059415184392264064,0.15324536292919885,5.941518439226407,15.324536292919886
11.0,1.0,3.0,,1000.0,24.55,65,1008.3,1032.3,260,22300.0,975,67.5,69.75,65.0,-23.75,69.4,14.38,14112.0,3404.0,13120.0,,0.15134245041737932,,15.134245041737932
,,,,,,260,920.2,1110.65,1690,22350.0,520,74.2,76.8,65.0,-24.9,74.05,14.19,488.0,54.0,603.0,,0.1495371786548619,,14.95371786548619
28.0,24.0,28.0,,930.0,60.0,65,924.45,942.15,260,22400.0,585,79.1,81.1,65.0,-26.6,80.8,14.12,7436.0,387.0,5583.0,,0.1488488511908414,,14.88488511908414
37.0,37.0,47.0,,849.55,-1192.9,65,879.05,899.9,260,22450.0,65,83.65,89.65,65.0,-26.55,87.9,14.03,1067.0,157.0,772.0,,0.1480552028156451,,14.80552028156451
5679.0,1608.0,3927.0,7.89,849.9,45.3,195,844.1,850.0,65,22500.0,65,93.8,95.15,1040.0,-28.95,94.0,13.86,33541.0,3233.0,50278.0,,0.14637250274202898,,14.637250274202898
47.0,1.0,5.0,,772.55,6.2,65,796.6,813.45,260,22550.0,65,96.85,104.5,65.0,-30.6,102.35,13.78,887.0,-26.0,647.0,,0.14569460266694614,,14.569460266694614
117.0,39.0,142.0,8.13,760.35,35.85,65,753.15,776.55,65,22600.0,780,108.05,111.55,65.0,-31.65,110.75,13.67,8143.0,909.0,6253.0,,0.14471345944909791,,14.47134594490979
41.0,5.0,20.0,8.0,714.2,33.05,65,715.1,736.65,65,22650.0,195,119.4,122.0,65.0,-30.5,121.45,13.65,711.0,103.0,776.0,,0.1445963651939985,,14.459636519399849
572.0,206.0,482.0,8.77,681.15,35.05,130,676.35,690.95,195,22700.0,975,126.2,130.1,65.0,-35.35,130.15,13.49,7435.0,489.0,7999.0,,0.14311741738081318,,14.311741738081318
93.0,34.0,95.0,9.35,648.95,37.65,65,637.4,653.75,65,22750.0,65,138.0,140.95,65.0,-36.7,140.3,13.38,958.0,116.0,772.0,0.06617410470426689,0.14204038623120577,6.617410470426689,14.204038623120576
1196.0,168.0,1412.0,9.35,608.85,31.2,1040,606.0,611.65,65,22800.0,2990,152.0,153.1,65.0,-37.75,153.35,13.35,20672.0,2136.0,16846.0,0.07090265546230803,0.14197478353282839,7.090265546230803,14.197478353282838
58.0,15.0,92.0,9.07,564.35,19.85,65,560.55,579.0,65,22850.0,325,161.85,164.05,65.0,-41.9,163.0,13.15,919.0,101.0,738.0,0.07040149720915978,0.14000690647452418,7.040149720915978,14.00069064745242
1055.0,482.0,2009.0,9.33,531.45,23.35,260,531.9,542.4,130,22900.0,390,175.35,177.4,65.0,-45.75,175.4,13.03,8109.0,732.0,5883.0,0.07650909550944218,0.13894682424957652,7.650909550944219,13.894682424957653
58.0,-4.0,59.0,9.81,505.75,32.0,65,493.8,505.7,195,22950.0,325,189.65,191.85,65.0,-45.0,190.3,12.98,782.0,186.0,847.0,0.08428206284816923,0.13859925953160795,8.428206284816923,13.859925953160795
29055.0,11272.0,38781.0,9.58,465.3,22.3,585,465.3,470.0,325,23000.0,130,205.4,207.65,65.0,-48.4,206.15,12.93,65459.0,4682.0,73332.0,0.08311100384031564,0.13825938837342744,8.311100384031564,13.825938837342743
824.0,239.0,1690.0,9.59,432.0,21.55,195,429.95,440.2,65,23050.0,325,221.6,223.85,65.0,-49.2,223.15,12.88,2146.0,487.0,1177.0,0.08466108141801333,0.1379965048656286,8.466108141801334,13.799650486562859
12130.0,7831.0,22543.0,9.69,402.15,21.1,65,399.75,402.95,130,23100.0,130,239.15,241.2,65.0,-50.55,239.5,12.77,23631.0,7548.0,15719.0,0.08687868363468737,0.13708661040037096,8.687868363468738,13.708661040037097
594.0,-118.0,1673.0,9.66,370.45,19.9,65,364.55,374.55,325,23150.0,325,257.65,260.45,65.0,-52.65,258.35,12.72,1651.0,81.0,843.0,0.08752547708730321,0.13677564270182865,8.75254770873032,13.677564270182865
29887.0,9717.0,34903.0,9.68,341.55,18.3,65,340.25,341.85,65,23200.0,65,277.95,280.15,65.0,-56.1,278.4,12.67,32841.0,10514.0,35783.0,0.08861180931065742,0.13652971619035612,8.861180931065741,13.652971619035611
1160.0,85.0,2347.0,9.64,312.25,14.1,260,311.05,313.85,260,23250.0,260,298.95,301.7,65.0,-55.55,300.65,12.66,1748.0,-15.0,1195.0,0.0888711123431593,0.13671911675807014,8.88711123431593,13.671911675807014
41720.0,3780.0,27260.0,9.69,287.0,13.7,195,287.0,287.55,260,23300.0,65,322.05,324.65,65.0,-59.5,322.5,12.6,17603.0,4157.0,43987.0,0.09003736958382466,0.13635203774382576,9.003736958382467,13.635203774382576
1119.0,-99.0,1068.0,9.58,258.95,11.65,325,258.5,261.05,325,23350.0,390,340.25,350.7,65.0,-51.5,351.9,12.77,482.0,-107.0,836.0,0.089517496242542,0.138409828502174,8.9517496242542,13.8409828502174
26640.0,1189.0,22130.0,9.55,234.65,9.8,65,234.75,236.6,325,23400.0,455,369.1,374.7,65.0,-57.3,375.6,12.69,10291.0,631.0,24927.0,0.08979136933260483,0.13792964470314903,8.979136933260483,13.792964470314903
1112.0,-52.0,1776.0,9.53,212.1,9.2,325,212.45,214.5,325,23450.0,195,397.8,402.9,65.0,-57.45,401.8,12.66,369.0,-115.0,1039.0,0.09010914921258023,0.13798650184296143,9.010914921258022,13.798650184296143
94991.0,8155.0,58668.0,9.59,193.0,9.4,65,192.0,193.0,585,23500.0,65,427.0,430.35,65.0,-60.4,430.0,12.67,30623.0,3162.0,92350.0,0.09112657318942304,0.13839712691875214,9.112657318942304,13.839712691875214
1029.0,284.0,1678.0,9.48,171.0,6.65,325,171.1,172.9,325,23550.0,325,451.65,462.95,65.0,-61.25,464.75,12.88,283.0,32.0,442.0,0.09044919701177954,0.14089015958381657,9.044919701177955,14.089015958381657
16012.0,1697.0,15319.0,9.51,153.85,6.85,65,152.35,154.1,65,23600.0,260,479.45,487.0,130.0,-66.55,486.1,12.54,3867.0,8.0,10899.0,0.09104455872647432,0.13792843578318062,9.104455872647431,13.792843578318061
908.0,143.0,1402.0,9.4,134.75,3.8,65,129.45,142.3,65,23650.0,260,515.1,527.55,65.0,-54.25,529.7,13.01,99.0,31.0,400.0,0.09027047815377418,0.14308831306140146,9.027047815377417,14.308831306140146
12423.0,2391.0,15203.0,9.4,119.9,3.15,65,119.3,120.75,65,23700.0,130,544.1,554.75,65.0,-73.55,542.7,12.25,1148.0,266.0,6390.0,0.0906194853567663,0.13602879613183003,9.06194853567663,13.602879613183003
1361.0,238.0,2278.0,9.42,106.55,2.9,65,101.15,110.5,65,23750.0,65,578.8,596.05,65.0,-64.8,593.55,12.95,128.0,19.0,230.0,0.09104213737147851,0.14341918853683083,9.104213737147852,14.341918853683083
18486.0,1228.0,28180.0,9.36,92.95,1.95,65,91.6,92.8,65,23800.0,195,616.9,630.25,130.0,-71.55,622.55,12.73,2074.0,71.0,8352.0,0.09077619259388861,0.1418372772218953,9.077619259388861,14.183727722189529
1340.0,171.0,1923.0,9.33,80.95,-0.5,650,77.7,82.0,130,23850.0,260,653.55,672.6,260.0,-62.2,662.45,12.93,68.0,28.0,201.0,0.09064567289728112,0.144317583047557,9.064567289728112,14.431758304755702
10367.0,-1362.0,19408.0,9.29,70.1,-0.1,65,70.6,71.65,65,23900.0,65,690.7,711.2,65.0,-67.25,705.3,13.22,642.0,19.0,2895.0,0.09047795136793636,0.14777059052558372,9.047795136793637,14.777059052558371
1508.0,58.0,1831.0,9.32,61.7,-0.55,650,59.55,63.9,65,23950.0,65,731.25,751.7,65.0,-67.25,739.8,13.12,8.0,,101.0,0.09103022964483559,0.14742149683190536,9.103022964483559,14.742149683190537
80386.0,12060.0,85121.0,9.37,54.35,-1.35,30290,54.2,54.35,260,24000.0,390,783.2,791.95,65.0,-63.05,789.65,13.69,24939.0,9607.0,38499.0,0.09167177411184506,0.15344730220525465,9.167177411184506,15.344730220525465
1616.0,-91.0,1579.0,9.43,48.0,-0.2,845,45.0,50.3,65,24050.0,195,668.1,839.6,195.0,17.45,822.45,13.44,18.0,-4.0,81.0,0.09244004076634135,0.15175320318211033,9.244004076634136,15.175320318211034
12409.0,-441.0,10340.0,9.38,40.85,-1.8,130,40.05,42.95,65,24100.0,65,838.55,881.7,65.0,-68.3,871.65,13.94,267.0,52.0,3399.0,0.09217517773012869,0.1571826106464161,9.217517773012869,15.71826106464161
1268.0,-144.0,1333.0,9.53,37.05,-0.4,65,35.4,40.1,65,24150.0,65,763.75,985.3,65.0,-32.05,925.45,14.66,18.0,-12.0,232.0,0.09377031839045263,0.16464553400013365,9.377031839045264,16.464553400013365
13463.0,1055.0,14744.0,9.48,31.3,-2.1,650,31.15,32.95,65,24200.0,65,911.1,959.95,65.0,-66.55,956.4,14.22,2041.0,1486.0,5610.0,0.09347095538962444,0.16127514813549407,9.347095538962444,16.127514813549407
1455.0,-291.0,1686.0,9.67,28.9,-0.55,65,23.5,30.15,1170,24250.0,1690,847.9,1053.35,65.0,-91.2,1010.0,14.92,12.0,-1.0,194.0,0.0954838816040823,0.168482460967137,9.54838816040823,16.8482460967137
10466.0,-2371.0,14973.0,9.6,24.0,-3.1,260,22.9,25.15,4940,24300.0,65,1035.65,1058.95,65.0,-73.1,1052.0,15.0,355.0,136.0,2665.0,0.09489583622768658,0.16995358441198416,9.489583622768658,16.995358441198416
1245.0,-309.0,2027.0,9.81,22.45,-1.8,65,20.2,25.0,130,24350.0,65,979.8,1145.0,65.0,-87.75,1096.0,15.16,20.0,18.0,205.0,0.09713441358990835,0.17222402449018498,9.713441358990835,17.2224024490185
9258.0,414.0,7171.0,9.98,20.65,-1.15,130,19.55,21.7,260,24400.0,65,1127.25,1173.05,65.0,-63.05,1161.05,16.48,218.0,77.0,1898.0,0.09892863710797199,0.18506810060097814,9.892863710797199,18.506810060097813
2709.0,906.0,1915.0,9.95,17.4,-2.35,1755,16.3,21.9,650,24450.0,1690,1024.85,1310.35,65.0,,1235.0,12.45,,,151.0,0.09876179157364477,0.2022053526728984,9.876179157364477,20.22053526728984
42069.0,3930.0,20331.0,10.14,16.15,-2.05,520,16.1,18.0,130,24500.0,260,1241.05,1250.0,130.0,-73.3,1247.3,16.68,4910.0,2838.0,21121.0,0.10068524788907934,0.18836662625705877,10.068524788907935,18.836662625705877
2514.0,730.0,1478.0,10.32,15.05,-1.25,1755,12.7,16.5,65,24550.0,1690,1082.8,1368.85,390.0,,1350.0,20.02,20.0,-5.0,99.0,0.10264433322519532,0.22017034112742395,10.264433322519533,22.017034112742394
5555.0,174.0,5576.0,10.32,12.8,-1.65,130,12.5,13.95,65,24600.0,65,1324.75,1339.95,65.0,-67.25,1340.0,17.19,741.0,511.0,2558.0,0.1026998415463321,0.19448142791362996,10.26998415463321,19.448142791362997
794.0,-45.0,312.0,10.53,12.15,-1.2,1560,10.5,15.6,650,24650.0,715,1169.2,1435.0,65.0,-1.5,1470.0,22.05,1.0,,45.0,0.10494899121455546,0.24049273605044624,10.494899121455546,24.049273605044625
5630.0,1093.0,4731.0,10.71,11.35,-0.8,65,10.1,12.7,1040,24700.0,65,1414.4,1446.6,65.0,-44.45,1431.55,17.58,726.0,637.0,3179.0,0.10683532987833766,0.1995228229731181,10.683532987833766,19.95228229731181
646.0,82.0,389.0,10.97,11.05,-0.45,325,9.5,21.4,910,24750.0,455,1353.2,1558.9,65.0,,1550.0,16.26,,,21.0,0.10949719075825043,0.24100716587734447,10.949719075825042,24.100716587734446
8161.0,-2329.0,9782.0,10.88,9.0,-1.8,7150,9.0,9.75,260,24800.0,65,1519.65,1547.35,65.0,-66.2,1529.95,18.37,848.0,757.0,4116.0,0.1086600657222482,0.20813145659242335,10.866006572224821,20.813145659242334
437.0,25.0,210.0,11.01,8.2,-1.6,260,7.5,10.35,650,24850.0,715,1382.8,1664.85,390.0,,1650.0,17.09,,,19.0,0.1099802090660013,0.25115647221029874,10.99802090660013,25.115647221029874
3366.0,240.0,2086.0,11.05,7.15,-1.85,780,6.7,8.55,650,24900.0,65,1598.15,1638.65,65.0,52.3,1624.65,18.9,535.0,402.0,2228.0,0.11048647605767797,0.2143275790602741,11.048647605767798,21.432757906027412
991.0,-52.0,482.0,11.18,6.55,-2.1,780,6.5,13.7,910,24950.0,1690,1471.6,1804.55,65.0,2.75,1755.8,24.24,1.0,-1.0,60.0,0.11186534610090725,0.26416170582593645,11.186534610090725,26.416170582593644
37912.0,1998.0,15887.0,11.49,6.65,-1.55,260,6.55,7.2,65,25000.0,65,1717.7,1730.6,65.0,-72.2,1720.05,19.44,3698.0,2622.0,22597.0,0.11503426542393567,0.220653562026635,11.503426542393568,22.0653562026635
2565.0,-24.0,849.0,11.82,6.85,-1.25,2080,6.5,7.3,260,25050.0,1690,1565.75,2067.3,65.0,,1161.25,,,,5.0,0.11846584052908089,,11.846584052908089,
1975.0,-222.0,1304.0,12.09,6.8,-0.8,585,6.0,7.7,650,25100.0,65,1806.0,1844.05,65.0,-71.45,1820.0,20.28,29.0,27.0,266.0,0.12120668996748481,0.2296238851282475,12.120668996748481,22.96238851282475
276.0,191.0,225.0,11.93,5.35,-1.95,1560,5.3,7.5,65,25150.0,3380,1654.45,2072.85,65.0,,1554.2,,,,4.0,0.11966900758939877,,11.966900758939877,
1962.0,108.0,2282.0,12.33,5.75,-1.0,130,5.5,6.0,2210,25200.0,65,1700.1,1935.2,65.0,-45.3,1940.0,22.55,94.0,75.0,331.0,0.12374399290757387,0.2510821007955861,12.374399290757388,25.108210079558614
32.0,,,13.98,8.3,,1560,4.4,15.05,910,25250.0,1690,1687.2,2252.75,1690.0,,1826.6,22.99,,,2.0,0.13383473200315432,,13.383473200315432,
475.0,-15.0,227.0,12.61,5.0,-1.1,260,5.0,6.5,520,25300.0,1690,1732.05,2056.9,65.0,59.85,2130.0,28.86,16.0,14.0,57.0,0.12670059617161142,0.31111606557467913,12.670059617161142,31.111606557467912
18.0,,,13.94,6.3,,1560,4.0,13.5,910,25350.0,1690,1831.0,2163.45,390.0,,1750.0,,,,7.0,0.13382081194083442,,13.382081194083442,
1164.0,5.0,376.0,12.95,4.5,-1.0,975,4.5,12.0,520,25400.0,65,1889.75,2179.95,65.0,50.0,2125.0,23.17,12.0,9.0,30.0,0.13017554648023827,0.25928457249322057,13.017554648023827,25.928457249322058
33.0,2.0,10.0,13.2,4.5,-0.9,1560,3.0,12.05,1690,25450.0,1690,1860.1,2424.65,1690.0,,1850.0,,,,5.0,0.1328278971879283,,13.28278971879283,
15997.0,872.0,5461.0,12.97,3.4,-1.05,1755,3.25,3.95,1300,25500.0,65,2210.45,2220.0,65.0,-64.05,2222.05,23.77,1106.0,880.0,12725.0,0.1305037537392735,0.26593579699615605,13.05037537392735,26.593579699615606
23.0,,,12.05,7.0,,1755,3.05,14.05,910,25550.0,1690,2012.3,2598.85,65.0,,2039.45,20.71,,,3.0,0.14705831112821025,,14.705831112821025,
661.0,36.0,109.0,13.31,3.1,-1.2,1755,3.05,7.0,130,25600.0,65,2063.35,2399.6,65.0,45.0,2320.0,24.42,50.0,49.0,108.0,0.1340126811847054,0.2730383830132645,13.401268118470542,27.30383830132645
59.0,,4.0,14.2,4.45,0.25,1755,2.65,13.25,1690,25650.0,1690,2102.35,2701.25,1690.0,454.5,2492.35,32.75,1.0,,3.0,0.14310066178687375,0.3509104681360334,14.310066178687375,35.09104681360334
662.0,-94.0,275.0,13.77,3.05,-1.05,15795,3.0,16.75,1690,25700.0,650,2141.85,2500.0,65.0,45.0,2420.0,25.23,23.0,23.0,38.0,0.138736225715195,0.2814415138077127,13.873622571519501,28.14415138077127
1232.0,644.0,969.0,13.86,2.8,-0.95,780,2.4,15.45,1690,25750.0,1690,2141.25,2560.75,390.0,,1659.3,,,,5.0,0.13973536417198917,,13.973536417198918,
1210.0,72.0,151.0,14.42,3.35,-0.45,1560,2.3,4.0,1755,25800.0,65,2236.5,2774.75,65.0,-40.0,2520.0,26.03,34.0,19.0,50.0,0.1453891716255052,0.28976179004409447,14.538917162550518,28.976179004409445
9.0,,,13.75,6.0,,1560,1.7,12.0,910,25850.0,520,2387.45,,,,1093.8,14.61,,,1.0,0.15977930212206104,,15.977930212206104,
250.0,,,15.53,3.45,-0.1,1300,2.5,3.45,520,25900.0,1690,2325.85,2888.05,1690.0,84.9,2669.9,30.5,22.0,20.0,22.0,0.15090684646653352,0.3313303633283353,15.09068464665335,33.133036332833534
18.0,,,14.65,3.75,,1560,1.6,9.4,910,25950.0,1690,2295.4,2981.05,1690.0,,,,,,,0.15500513565866883,,15.500513565866884,
23601.0,5210.0,12462.0,14.51,2.05,-0.85,18720,2.05,2.2,3315,26000.0,65,2707.25,2715.9,65.0,-65.45,2712.5,26.98,6648.0,5892.0,22147.0,0.14645239740001775,0.3006491841438444,14.645239740001776,30.06491841438444
102.0,,2.0,15.41,3.0,,1560,1.8,4.65,910,26050.0,715,2381.95,3029.65,1690.0,,2789.0,14.64,,,4.0,0.1555973887849386,0.32369152233932713,15.559738878493858,32.36915223393272
315.0,286.0,322.0,15.31,2.5,-1.6,1560,1.7,2.5,1235,26100.0,1690,2425.3,3168.6,1690.0,,2615.0,26.05,,,1.0,0.15461305726249094,,15.461305726249094,
7.0,,,14.76,4.85,,1560,1.5,5.05,910,26150.0,1690,2469.25,3133.7,1690.0,365.0,2950.0,34.56,2.0,1.0,3.0,0.17042967642607565,0.3714190968910571,17.042967642607564,37.14190968910571
90.0,-45.0,53.0,15.58,2.25,-0.75,65,1.95,2.5,650,26200.0,1690,2613.65,2927.45,130.0,105.3,2905.3,27.88,24.0,22.0,24.0,0.15740065385614677,0.3110575470016674,15.740065385614677,31.105754700166738
31.0,,,16.51,2.45,,1560,1.5,5.0,650,26250.0,455,2722.9,3345.6,1690.0,918.95,3000.0,31.94,4.0,4.0,4.0,0.16129304069918368,0.347677960591153,16.12930406991837,34.767796059115305
342.0,242.0,276.0,15.63,1.8,-1.25,520,1.8,2.2,260,26300.0,65,2680.3,3025.25,65.0,-83.65,3016.35,29.63,193.0,170.0,244.0,0.15804919725407127,0.32747561779438317,15.804919725407126,32.747561779438314
8.0,,,14.86,8.0,,1560,1.1,5.0,650,26350.0,1690,2641.8,3461.45,1690.0,,,,,,,0.19316659645807766,,19.316659645807764,
130.0,5.0,19.0,16.12,1.85,-0.6,2600,1.35,2.0,1300,26400.0,455,2881.2,3566.55,1690.0,,3030.0,,,,2.0,0.16304779927460106,0.24981765201155912,16.304779927460107,24.981765201155913
8.0,,,15.33,8.15,,1560,0.9,5.0,650,26450.0,1690,2817.6,3522.3,1690.0,,,,,,,0.1988872059643671,,19.88872059643671,
6136.0,924.0,2453.0,16.14,1.45,-0.5,260,1.5,1.75,1755,26500.0,65,3202.7,3210.0,65.0,-64.5,3204.0,30.03,1266.0,1217.0,2361.0,0.16323916798388943,0.3333011543160151,16.323916798388943,33.330115431601506
10.0,,,16.13,1.9,,65,1.15,2.9,1300,26550.0,1690,2815.55,3654.7,1690.0,,,,,,,0.17026642291801297,,17.0266422918013,
43.0,,,15.22,2.6,,1300,0.75,2.4,130,26600.0,1690,2857.5,3710.7,1690.0,,3029.0,31.42,,,6.0,0.1786471378020941,,17.86471378020941,
6.0,,,17.26,6.95,,1560,0.7,2.9,1300,26650.0,1690,2904.55,3760.6,1690.0,,,,,,,0.20459931427743216,,20.459931427743218,
8.0,,,18.84,2.85,,130,1.05,2.8,1300,26700.0,1690,2945.6,3816.85,1690.0,,3424.95,,,,2.0,0.1851577971944825,0.365269230991942,18.51577971944825,36.5269230991942
15.0,,,16.02,6.35,,1560,0.65,2.8,65,26750.0,1690,2991.5,3853.5,1690.0,,,,,,,0.20706818020667295,,20.706818020667296,
10.0,,,16.19,6.25,,1560,0.75,2.25,195,26800.0,1690,3031.8,4041.75,1690.0,284.0,3550.0,36.23,2.0,2.0,3.0,0.20909240416120484,0.39168957123251824,20.909240416120483,39.16895712325182
13.0,,,16.34,6.1,,1560,0.65,2.7,65,26850.0,1690,3297.75,3971.85,1690.0,,,,,,,0.21086785995637064,,21.086785995637065,
375.0,-22.0,89.0,17.48,1.2,-0.4,325,1.05,1.25,650,26900.0,1690,3349.05,3977.7,1690.0,,,,,,,0.17712053932135968,,17.71205393213597,
12.0,,,15.98,4.25,,1300,0.7,2.85,260,26950.0,1690,3161.75,4210.45,1690.0,,,,,,,0.2060679293237365,,20.60679293237365,
11064.0,1184.0,6473.0,17.31,0.85,-0.35,13845,0.85,0.9,2015,27000.0,65,3698.05,3706.8,130.0,-52.05,3705.45,33.86,1411.0,1196.0,9920.0,0.17536708989391378,0.3721830098252121,17.53670898939138,37.21830098252121
62.0,,,17.36,1.95,,1300,0.65,1.45,325,27050.0,1690,3248.3,4299.9,1690.0,,,,,,,0.19279183898826677,,19.279183898826677,
128.0,,,18.56,1.05,,1105,0.75,1.45,1300,27100.0,1690,3290.75,4236.0,1690.0,159.35,3809.35,34.97,3.0,3.0,4.0,0.18307139385079477,0.38288554936364266,18.307139385079477,38.288554936364264
30.0,,,17.08,5.0,,1300,0.65,1.5,650,27150.0,650,3365.25,4158.55,1690.0,1006.95,3860.6,35.45,5.0,5.0,5.0,0.21973841069821198,0.38763051526012554,21.973841069821198,38.76305152601255
797.0,125.0,608.0,17.77,0.7,-0.75,52000,0.7,0.8,195,27200.0,130,3884.15,3903.5,130.0,-48.75,3898.25,34.59,523.0,507.0,550.0,0.18019761526884415,0.3805836180470363,18.019761526884416,38.05836180470363
